,Features,Linear Coefficient,Ridge Coefficient,Difference
0,Current Price,1.988040191024055e-06,0.030471394765551593,-0.030469406725360568
1,Original Price,2.0418050734387374e-06,0.031361392743614686,-0.031359350938541246
2,Discount Percentage,-4.291279300570228e-05,-0.01016209679223767,0.010119183999231968
3,Number OF Ratings,7.186710132664649e-07,0.028515397540870402,-0.028514678869857136
4,Battery Life (Days),0.0002658448677529974,0.002406653521639531,-0.0021408086538865336
5,Display Size,0.09315633102116622,0.04435591873185867,0.048800412289307545
6,rating_placeholder_flag,-1.669307587009797,-0.3673064046508659,-1.3020011823589313
7,reviews_placeholder_flag,0.2646917107249573,0.08762648603822618,0.1770652246867311
8,price_logic_flag,0.1282466177087883,0.04879005729150868,0.07945656041727964
9,Brand_ambrane,0.06957389810545964,0.009421366901736238,0.060152531203723394
10,Brand_apple,0.316458431390314,0.06990487188082523,0.24655355950948876
11,Brand_boat,-0.16128593912966768,-0.03548574865083447,-0.12580019047883323
12,Brand_crossbeats,0.13408105109381785,0.01267063736764812,0.12141041372616973
13,Brand_dizo,-0.1327668182033746,-0.029865522153232314,-0.10290129605014228
14,Brand_fire-boltt,-0.08369510006239941,-0.027508044255666934,-0.05618705580673248
15,Brand_fitbit,0.21811595029367994,0.052213708343961746,0.1659022419497182
16,Brand_fossil,-0.12964373697801945,-0.026535006956553607,-0.10310873002146584
17,Brand_garmin,0.2546081169400456,0.07868548713167364,0.17592262980837195
18,Brand_gizmore,-0.20551269705233322,-0.04298148116477215,-0.16253121588756106
19,Brand_hammer,-0.32488313412865705,-0.017097020832941182,-0.30778611329571587
20,Brand_honor,0.12349346585172907,0.022863996214600453,0.10062946963712863
21,Brand_huawei,0.19416329645435348,0.03584480765270097,0.1583184888016525
22,Brand_noise,-0.026140011830792745,-0.0063237543177053195,-0.019816257513087424
23,Brand_pebble,-0.16721117326604104,-0.04425189593097105,-0.12295927733506999
24,Brand_samsung,0.09481335767090143,0.025353408040655823,0.06945994963024561
25,Brand_zebronics,-0.4708461181362222,-0.1223451371993558,-0.3485009809368664
26,Dial Shape_Contemporary,-0.205016000030567,-0.01185834051957301,-0.19315765951099398
27,Dial Shape_Curved,-0.06264340888687381,-0.010903427085365609,-0.0517399818015082
28,Dial Shape_Missing,-0.1331711474270072,-0.031072851159876007,-0.10209829626713118
29,Dial Shape_Oval,-0.5943490896048778,-0.031619804042245556,-0.5627292855626322
30,Dial Shape_Rectangle,0.10334682230019349,0.04139726407292777,0.061949558227265715
31,Dial Shape_Square,0.02209527143885444,0.00913382983343906,0.012961441605415378
32,Strap Color_Beige,-0.3848422622393296,-0.025273248503631593,-0.359569013735698
33,Strap Color_Black,-0.254223978935445,-0.06732673759277381,-0.18689724134267122
34,Strap Color_Blue,-0.2764759402522237,-0.05038746337398948,-0.22608847687823425
35,Strap Color_Brown,-0.3964630440612591,-0.045042738684657024,-0.35142030537660207
36,Strap Color_Burgundy,0.539627989136914,0.048721017909977224,0.4909069712269368
37,Strap Color_Charcoal,0.19779038985865277,0.02247857309060599,0.17531181676804677
38,Strap Color_Deep Wine,-0.7345013345222831,-0.0333188449116939,-0.7011824896105892
39,Strap Color_Gold,-0.31420169614544347,-0.029683412642713628,-0.28451828350272984
40,Strap Color_Graphite,-0.209576944892289,-0.009251257326071221,-0.2003256875662178
41,Strap Color_Green,-0.21457440173825346,-0.018236201595195862,-0.19633820014305758
42,Strap Color_Grey,-0.1269672973155829,-0.004672063787648862,-0.12229523352793403
43,Strap Color_Maroon,0.09549884884163734,0.010878622598537087,0.08462022624310025
44,Strap Color_Midnight,-0.13467078694465412,-0.001270764309916729,-0.13340002263473738
45,Strap Color_Missing,-0.1331711474270818,-0.031072851159878245,-0.10209829626720356
46,Strap Color_Misty Rose,-0.2808990788404352,-0.008961965248178085,-0.2719371135922571
47,Strap Color_Morning Glow,-0.23490078602322434,-0.007422848525710062,-0.22747793749751427
48,Strap Color_Multicolor,0.5635160348779482,0.03520075240981806,0.5283152824681302
49,Strap Color_Orange,-0.3486450824436682,-0.02199109758345592,-0.3266539848602123
50,Strap Color_Orange Alpine,-0.2147358144884443,-0.005560798638739434,-0.20917501584970488
51,Strap Color_Passion Pink,-0.19661499919792447,-0.005351047744895371,-0.1912639514530291
52,Strap Color_Pink,-0.30557046030047563,-0.03347853242526142,-0.2720919278752142
53,"Strap Color_Pink, Gold",-0.1175326960085851,-0.0006113221854886578,-0.11692137382309643
54,Strap Color_Purple,-0.30568532418564687,-0.01869094223450964,-0.28699438195113725
55,Strap Color_Red,-0.09593667591404847,0.001390619837597775,-0.09732729575164625
56,Strap Color_Rose Gold,0.06981929349430283,0.013369557130813161,0.05644973636348966
57,Strap Color_Silver,-0.15533389817919796,-0.008162040817035747,-0.1471718573621622
58,Strap Color_Starlight Sport,-0.5892796773215422,-0.04256277856833958,-0.5467168987532026
59,Strap Color_White,-0.31615315721825554,-0.031677117598680436,-0.2844760396195751
60,Strap Material_Carbon-Fiber;,0.06369163216740104,0.0009714673984226927,0.06272016476897835
61,Strap Material_Fabric,-0.35190713020446585,-0.02971550701776252,-0.3221916231867033
62,Strap Material_Fluoroelastomer,0.28481131294121353,0.042774850570466705,0.24203646237074683
63,Strap Material_Leather,0.3255557536176003,0.057557403797458655,0.26799834982014165
64,Strap Material_Missing,0.1924595495890833,0.04932476096539779,0.1431347886236855
65,Strap Material_Nylon,0.5136344005696746,0.025502825002653936,0.48813157556702064
66,Strap Material_Other,0.23747668546037565,0.04118342466484904,0.19629326079552661
67,Strap Material_Plastic,-0.03632574056234819,-0.0040927962118725665,-0.03223294435047563
68,Strap Material_Rubber,0.30174417848144364,0.06903784129337547,0.23270633718806816
69,Strap Material_Silicon,0.29784930285528793,0.12838470536088403,0.1694645974944039
70,Strap Material_Stainless Steel,0.24739088242090532,0.041968509723321334,0.20542237269758398
71,Strap Material_Synthetic,0.09508576372450017,0.0041883732117662595,0.0908973905127339
72,Strap Material_Thermo Plastic Polyurethene,0.34891318191180987,0.04356749572948749,0.3053456861823224
73,Weight_35 - 50 g,0.10642290087340478,0.03267077107758281,0.07375212979582196
74,Weight_50 - 75 g,0.2837736351713599,0.046597129146349614,0.23717650602501028
75,Weight_75g +,-0.009498203590470933,-0.0038009610205782226,-0.00569724256989271
76,Weight_<= 20 g,0.03228326091995673,0.010146058448412517,0.022137202471544215
